Seperator Type,Three-Fold Run,TP,FP,FN,TN,Accuracy,Sensitivity,Specificity,Precision,Miss Rate,False discovery rate,False omission rate,ROC_AUC,PR Logistic,Included Muts
Chi>3.84,0,5,1,2,15,0.8695652173913043,0.7142857142857143,0.9375,0.8333333333333334,0.2857142857142857,0.16666666666666666,0.11764705882352941,0.8080357142857142,0.7770855710705336,214
Chi>3.84,1,7,0,3,13,0.8695652173913043,0.7,1.0,1.0,0.3,0.0,0.1875,0.8384615384615384,0.8848484848484848,214
Chi>3.84,2,5,1,4,13,0.782608695652174,0.5555555555555556,0.9285714285714286,0.8333333333333334,0.4444444444444444,0.16666666666666666,0.23529411764705882,0.8253968253968254,0.9047619047619049,214
Chi>3.84,3,7,0,7,9,0.6956521739130435,0.5,1.0,1.0,0.5,0.0,0.4375,0.7857142857142857,0.9161490683229813,214
Chi>3.84,4,10,1,0,12,0.9565217391304348,1.0,0.9230769230769231,0.9090909090909091,0.0,0.09090909090909091,0.0,0.9923076923076922,0.9904545454545454,214
Chi>3.84,5,4,0,3,16,0.8695652173913043,0.5714285714285714,1.0,1.0,0.42857142857142855,0.0,0.15789473684210525,0.8125,0.857142857142857,214
Chi>3.84,6,6,0,3,14,0.8695652173913043,0.6666666666666666,1.0,1.0,0.3333333333333333,0.0,0.17647058823529413,0.8095238095238094,0.8481240981240981,214
