Seperator Type,TP,FP,FN,TN,Accuracy,Sensitivity,Specificity,Precision,Miss Rate,False discovery rate,False omission rate,ROC_AUC,PR Logistic,Included Muts
Pval<0.05,7.2727272727272725,1.2727272727272727,2.1818181818181817,12.272727272727273,0.849802371541502,0.7750267409358319,0.9112554112554112,0.8433621933621933,0.22497325906416812,0.15663780663780666,0.14953796203796202,0.921684250093341,0.9226774083519428,685.0
Pval<0.01,7.0,1.2727272727272727,3.0,11.727272727272727,0.8142292490118576,0.7032795487340942,0.9025771465611038,0.8507575757575758,0.2967204512659058,0.1492424242424242,0.20586396669284365,0.9043755449838337,0.9031016345181148,323.0
Pval<0.005,7.0,0.8181818181818182,3.090909090909091,12.090909090909092,0.8300395256916996,0.7074009324009324,0.9404611431349401,0.9001443001443001,0.2925990675990676,0.09985569985569985,0.19392767730440122,0.9439991158574046,0.9453942276500972,202.0
Chi>3.84,6.7272727272727275,1.1818181818181819,1.9090909090909092,13.181818181818182,0.8656126482213439,0.7909615636888365,0.9155248049633076,0.8645316804407713,0.2090384363111636,0.13546831955922867,0.1283693430752254,0.9491136537259532,0.9402670200731911,893.0
Chi>7.68,6.363636363636363,0.8181818181818182,3.5454545454545454,12.272727272727273,0.8102766798418972,0.6627115308933491,0.9344326128417038,0.8967171717171717,0.33728846910665095,0.10328282828282828,0.22904623756016942,0.8766803272485091,0.8799869285841443,532.0
Chi>15.36,7.818181818181818,1.1818181818181819,3.1818181818181817,10.818181818181818,0.8102766798418972,0.7196298650844105,0.9039296710419705,0.872320608684245,0.28037013491558943,0.12767939131575495,0.2331100717464354,0.9163877640481918,0.9293332001965978,268.0
TP3_FP0,5.454545454545454,0.0,5.363636363636363,12.181818181818182,0.7667984189723319,0.5047055217509763,1.0,1.0,0.4952944782490237,0.0,0.31143165400131345,0.8176974540610904,0.9072590782076948,81.0
TP4_FP0,4.454545454545454,0.0,4.636363636363637,13.909090909090908,0.7984189723320158,0.5063509722600632,1.0,1.0,0.4936490277399368,0.0,0.2471543467321683,0.7531754861300315,0.8383361990081357,37.0
TP5_FP0,3.6363636363636362,0.0,7.454545454545454,11.909090909090908,0.6758893280632411,0.3241687605323969,1.0,1.0,0.6758312394676032,0.0,0.38352410052030095,0.69406376451831,0.8291947896196908,21.0
