Feature,TP,FP,TN,FN,p value
KRAS_GRCh37_12:25398284-25398284_Missense-Mutation_SNP_C-C-A_C-C-T_C-C-G,1,0,26,11,0.31578947368421073
PPP2R1A_GRCh37_19:52716323-52716323_Missense-Mutation_SNP_C-C-T_C-C-A,0,2,24,12,1.0
PTEN_GRCh37_10:89692904-89692904_Nonsense-Mutation_SNP_C-C-T,4,0,26,8,0.00670595407437511
PIK3CA_GRCh37_3:178952085-178952085_Missense-Mutation_SNP_A-A-T_A-A-G,0,2,24,12,1.0
BCOR_GRCh37_X:39921444-39921444_Missense-Mutation_SNP_T-T-C,2,0,26,10,0.09388335704125189
PTEN_GRCh37_10:89717672-89717672_Nonsense-Mutation_SNP_C-C-T,2,0,26,10,0.09388335704125189
TP53_GRCh37_17:7577094-7577094_Missense-Mutation_SNP_G-G-A,0,2,24,12,1.0
TP53_GRCh37_17:7577538-7577538_Missense-Mutation_SNP_C-C-T,4,0,26,8,0.00670595407437511
AGAP5_GRCh37_10:75434061-75434061_3'UTR_SNP_C-C-A,2,0,26,10,0.09388335704125189
EPHB3_GRCh37_3:184300079-184300079_3'UTR_SNP_C-C-T,2,0,26,10,0.09388335704125189
PALM2-AKAP2_GRCh37_9:112934335-112934335_3'Flank_SNP_C-C-T,2,0,26,10,0.09388335704125189
NKX2-2_GRCh37_20:21492085-21492085_3'UTR_SNP_T-T-A,1,0,26,11,0.31578947368421073
SERPINB3_GRCh37_18:61324080-61324080_Silent_SNP_G-G-A,0,2,24,12,1.0
FBXW7_GRCh37_4:153249385-153249385_Missense-Mutation_SNP_G-G-A,2,0,26,10,0.09388335704125189
CTNNB1_GRCh37_3:41266101-41266101_Missense-Mutation_SNP_C-C-A_C-C-T_C-C-G,2,0,26,10,0.09388335704125189
PIK3CA_GRCh37_3:178917478-178917478_Missense-Mutation_SNP_G-G-A,0,2,24,12,1.0
C15orf40_GRCh37_15:83673489-83673489_3'UTR_SNP_A-A-T,1,0,26,11,0.31578947368421073
SET_GRCh37_9:131457395-131457395_3'UTR_SNP_C-C-T,1,0,26,11,0.31578947368421073
TMC1_GRCh37_9:75441850-75441850_Missense-Mutation_SNP_C-C-T,1,0,26,11,0.31578947368421073
POU2F3_GRCh37_11:120190075-120190075_3'Flank_SNP_G-G-A,1,0,26,11,0.31578947368421073
TP53_GRCh37_17:7578508-7578508_Missense-Mutation_SNP_C-C-T,1,0,26,11,0.31578947368421073
ELK1_GRCh37_X:47496220-47496220_3'UTR_SNP_G-G-A,1,0,26,11,0.31578947368421073
PTEN_GRCh37_10:89692792-89692792_Missense-Mutation_SNP_C-C-G_C-C-A,0,2,24,12,1.0
PIK3CA_GRCh37_3:178921553-178921553_Missense-Mutation_SNP_T-T-A,0,2,24,12,1.0
PDE3A_GRCh37_12:20833452-20833452_3'UTR_SNP_G-G-A,1,0,26,11,0.31578947368421073
SET_GRCh37_9:131457476-131457476_3'UTR_SNP_G-G-T,1,0,26,11,0.31578947368421073
PTEN_GRCh37_10:89692923-89692923_Missense-Mutation_SNP_G-G-A_G-G-T,2,0,26,10,0.09388335704125189
VEGFA_GRCh37_6:43753880-43753880_3'Flank_SNP_G-G-A,2,0,26,10,0.09388335704125189
