Mutation,Value
MESDC1_GRCh37_15:81296263-81296263_3'UTR_DEL_T-T--,0.1102383112925373
PCDH9_GRCh37_13:66877255-66877256_3'UTR_INS_----T_----TT,0.08800058862747764
CNTLN_GRCh37_9:17484353-17484353_Frame-Shift-Del_DEL_A-A--,0.0819674674808921
KCNA4_GRCh37_11:30033563-30033563_Frame-Shift-Del_DEL_A-A--,0.06920223284590647
HAS2_GRCh37_8:122625937-122625937_3'UTR_DEL_A-A--,0.060637329906478014
TCEAL1_GRCh37_X:102885616-102885617_3'UTR_INS_----A,0.055095022730822306
SIKE1_GRCh37_1:115316465-115316465_3'UTR_DEL_A-A--,0.05109574978753672
ABHD13_GRCh37_13:108884458-108884458_3'UTR_DEL_A-A--,0.049631206837297055
AFF1_GRCh37_4:88062002-88062002_3'UTR_DEL_T-T--,0.04585583813028453
ARF5_GRCh37_7:127231636-127231636_3'UTR_DEL_T-T--,0.0450264436621438
GRHL3_GRCh37_1:24681723-24681723_Intron_DEL_T-T--,0.0449062813192406
PXDN_GRCh37_2:1652960-1652960_Frame-Shift-Del_DEL_G-G--,0.04447038088447562
ZMIZ1_GRCh37_10:81072446-81072446_Frame-Shift-Del_DEL_C-C--,0.03988916956487956
CDC25A_GRCh37_3:48199853-48199853_3'UTR_DEL_T-T--,0.03702019396476717
RSBN1L_GRCh37_7:77408706-77408706_3'UTR_DEL_A-A--,0.03186072712390915
SLC44A1_GRCh37_9:108152932-108152932_3'UTR_DEL_T-T--,0.030844711152650105
BTBD11_GRCh37_12:107937778-107937778_Frame-Shift-Del_DEL_C-C--,0.03082019734413583
PLXND1_GRCh37_3:129274391-129274391_3'UTR_DEL_A-A--,0.01948795463146457
MAGI1_GRCh37_3:65340578-65340578_3'Flank_DEL_T-T--,0.016471876920291284
MAPK1_GRCh37_22:22114661-22114661_3'UTR_DEL_T-T--,0.014827865829942924
ELOVL5_GRCh37_6:53133582-53133582_3'UTR_DEL_A-A--,0.01463092113661478
DENND1C_GRCh37_19:6477251-6477251_Frame-Shift-Del_DEL_G-G--,0.010636335576153401
DDX3X_GRCh37_X:41207100-41207100_3'UTR_DEL_T-T--,0.00738319325009918
