Mutation,Value
RPL22_GRCh38_1:6197725-6197725_Frame-Shift-Del_DEL_T-T--,0.15233203395333636
DOCK3_GRCh38_3:51380173-51380173_Frame-Shift-Del_DEL_C-C--,0.14562280110844636
RNF43_GRCh38_17:58357800-58357800_Frame-Shift-Del_DEL_C-C--,0.09540774314382273
IRX3_GRCh38_16:54283619-54283619_3'UTR_DEL_T-T--,0.057784807380934916
ESRP1_GRCh38_8:94674383-94674383_Frame-Shift-Del_DEL_A-A--,0.049920089195761075
ZBTB20_GRCh38_3:114339156-114339156_Frame-Shift-Del_DEL_G-G--,0.04710384873618744
ACVR2A_GRCh38_2:147926117-147926117_Frame-Shift-Del_DEL_A-A--,0.03933105214429005
KIAA1024_GRCh38_15:79458244-79458244_Frame-Shift-Del_DEL_A-A--,0.0333341682984836
JAK1_GRCh38_1:64841314-64841314_Frame-Shift-Del_DEL_T-T--,0.03320438778061676
FBXO48_GRCh38_2:68464197-68464197_3'UTR_DEL_T-T--,0.02990794073414148
DONSON_GRCh38_21:33575583-33575583_3'Flank_DEL_T-T--,0.028945267499082473
CHD3_GRCh38_17:7895447-7895447_Frame-Shift-Del_DEL_C-C--,0.027527339148798787
ZNF609_GRCh38_15:64675048-64675048_Frame-Shift-Del_DEL_A-A--,0.026219831924897907
ELMSAN1_GRCh38_14:73739070-73739070_Frame-Shift-Del_DEL_G-G--,0.02351514381432348
LMAN1_GRCh38_18:59345962-59345962_Frame-Shift-Del_DEL_T-T--,0.021406116576806293
INPPL1_GRCh38_11:72237704-72237704_Frame-Shift-Del_DEL_C-C--,0.021067700566736184
CNTLN_GRCh38_9:17484355-17484355_Frame-Shift-Del_DEL_A-A--,0.01944064864447288
PHF2_GRCh38_9:93660330-93660330_Frame-Shift-Del_DEL_A-A--,0.015483234375028364
SLC3A2_GRCh38_11:62882057-62882057_Frame-Shift-Del_DEL_A-A--,0.015153334504920502
KCNA4_GRCh38_11:30012016-30012016_Frame-Shift-Del_DEL_A-A--,0.013442246218358832
MESDC1_GRCh38_15:81003922-81003922_3'UTR_DEL_T-T--,0.012572183691078032
ARID1A_GRCh38_1:26779440-26779440_Frame-Shift-Del_DEL_G-G--,0.012175582487755904
NSD1_GRCh38_5:177248268-177248268_Frame-Shift-Del_DEL_A-A--,0.012148262997310186
NFIA_GRCh38_1:61077551-61077551_5'Flank_DEL_A-A--,0.011919275643341295
PTEN_GRCh38_10:87961054-87961055_Frame-Shift-Ins_INS_----A,0.011381004921603953
ZXDB_GRCh38_X:57591948-57591948_5'UTR_DEL_T-T--,0.010159990052244739
ZNF644_GRCh38_1:90916736-90916736_3'UTR_DEL_A-A--,0.009921070915296516
CAMSAP2_GRCh38_1:200857892-200857892_Frame-Shift-Del_DEL_A-A--,0.008826318089925903
ANKH_GRCh38_5:14711100-14711100_3'UTR_DEL_A-A--,0.006691967128019119
REP15_GRCh38_12:27697588-27697588_3'UTR_DEL_A-A--,0.005222803412013723
ZBTB34_GRCh38_9:126884485-126884485_3'UTR_DEL_T-T--,0.0028318049119640315
